findlay_butler@hr.yahoo.com,findlay_butler,WnbzrufL
cain_mosley@finance.yahoo.com,cain_mosley,TJblBNp9
donna_beltran@accounting.yahoo.com,donna_beltran,eIpWzviI
sian_ramirez@sales.yahoo.com,sian_ramirez,BRXmqm0J
angelo_fulton@it.yahoo.com,angelo_fulton,Of83kMhh
daniyal_castro@ops.yahoo.com,daniyal_castro,CjYuUCAg
cayden_morrison@purchasing.yahoo.com,cayden_morrison,AGzWdU8H
amir_haney@randd.yahoo.com,amir_haney,ZIEmVuSB
olive_fowler@production.yahoo.com,olive_fowler,yAUb0zz9
ernest_bauer@marketing.yahoo.com,ernest_bauer,4zMqYLDo
isla_burnett@leadership.yahoo.com,isla_burnett,JsdlXXfJ
albert_velazquez@sales.yahoo.com,albert_velazquez,50dyTGG4
filip_donovan@it.yahoo.com,filip_donovan,rQnnEYKk
hamza_crawford@ops.yahoo.com,hamza_crawford,nHh7GJPO
astrid_obrien@purchasing.yahoo.com,astrid_obrien,VrBvLEYC
milan_odling@randd.yahoo.com,milan_odling,8OARA1MR
ruairi_stevenson@production.yahoo.com,ruairi_stevenson,i0d1EbyY
ria_bonner@marketing.yahoo.com,ria_bonner,68w5ZpTZ
ela_hicks@leadership.yahoo.com,ela_hicks,Y3siz41p
aron_bean@finance.yahoo.com,aron_bean,cdzNOyah
woody_gardner@accounting.yahoo.com,woody_gardner,Z86AW5N5
clyde_stokes@sales.yahoo.com,clyde_stokes,UimbxvAe
samantha_harrison@it.yahoo.com,samantha_harrison,yUMYQE5X
gina_mason@finance.yahoo.com,gina_mason,SBZ639yE
hollie_vance@accounting.yahoo.com,hollie_vance,4xReCLj3
tillie_villa@sales.yahoo.com,tillie_villa,tFvsoatJ
jacqueline_dean@it.yahoo.com,jacqueline_dean,EcOZDYHG
xavier_vaughn@finance.yahoo.com,xavier_vaughn,24PpT8cJ
elif_pace@accounting.yahoo.com,elif_pace,lL0jDzJ1
thalia_duran@sales.yahoo.com,thalia_duran,anBWLJDz
lacey_fields@it.yahoo.com,lacey_fields,3knaZBUo
abi_hamilton@accounting.yahoo.com,abi_hamilton,gQp8gyEm
carys_ward@sales.yahoo.com,carys_ward,bbtlGMM3
philippa_velez@accounting.yahoo.com,philippa_velez,6qJVpb3o
annie_chen@sales.yahoo.com,annie_chen,nG319yp4
rhonda_sears@accounting.yahoo.com,rhonda_sears,GM3qOK0O
casey_bullock@sales.yahoo.com,casey_bullock,RKSa4P3V
lily-may_morgan@accounting.yahoo.com,lily-may_morgan,kU4qO2AV
jak_garner@sales.yahoo.com,jak_garner,SztDFeYl
abbas_hines@accounting.yahoo.com,abbas_hines,1zF6Tkf5
amira_gill@sales.yahoo.com,amira_gill,XvzU51qY
jaime_watkins@accounting.yahoo.com,jaime_watkins,M16hrff3
noor_mccall@sales.yahoo.com,noor_mccall,bwEL3kGp
jasper_norris@ops.yahoo.com,jasper_norris,kcwNTgAx
olivier_roach@ops.yahoo.com,olivier_roach,TJdmOPty
dhruv_callahan@ops.yahoo.com,dhruv_callahan,LTpunmep
anjali_meyer@hr.yahoo.com,anjali_meyer,emAVq769
mae_noble@hr.yahoo.com,mae_noble,naw3I7yr
brogan_fitzpatrick@hr.yahoo.com,brogan_fitzpatrick,KLF8gjYU
haris_clayton@hr.yahoo.com,haris_clayton,tXVp6MzP